{"rec_ts": 1584867886.1811612, "resp_ts": 1584867887.0520816, "ts_diff": 0.8709204196929932}{"rec_ts": 1584867886.1654425, "resp_ts": 1584867886.275, "ts_diff": 0.1095576286315918}{"rec_ts": 1584867886.1687038, "resp_ts": 1584867886.5420277, "ts_diff": 0.373323917388916}{"rec_ts": 1584867886.1742074, "resp_ts": 1584867886.7270408, "ts_diff": 0.5528333187103271}{"rec_ts": 1584867886.1794114, "resp_ts": 1584867886.873815, "ts_diff": 0.6944036483764648}{"rec_ts": 1584867886.1779027, "resp_ts": 1584867886.798885, "ts_diff": 0.6209824085235596}{"rec_ts": 1584867886.1660604, "resp_ts": 1584867886.367989, "ts_diff": 0.20192861557006836}{"rec_ts": 1584867886.1713881, "resp_ts": 1584867886.6342142, "ts_diff": 0.4628260135650635}{"rec_ts": 1584867886.17602, "resp_ts": 1584867886.9713888, "ts_diff": 0.7953689098358154}{"rec_ts": 1584867886.1666012, "resp_ts": 1584867886.4490485, "ts_diff": 0.28244733810424805}{"rec_ts": 1584867886.1832926, "resp_ts": 1584867887.1299653, "ts_diff": 0.9466726779937744}{"rec_ts": 1584867886.1874123, "resp_ts": 1584867887.3958838, "ts_diff": 1.2084715366363525}{"rec_ts": 1584867886.1906486, "resp_ts": 1584867887.5617387, "ts_diff": 1.3710901737213135}{"rec_ts": 1584867886.1856587, "resp_ts": 1584867887.3020756, "ts_diff": 1.1164169311523438}{"rec_ts": 1584867886.1870112, "resp_ts": 1584867887.4821281, "ts_diff": 1.295116901397705}{"rec_ts": 1584867886.18302, "resp_ts": 1584867887.2231097, "ts_diff": 1.0400896072387695}{"rec_ts": 1584867886.1967998, "resp_ts": 1584867887.8860676, "ts_diff": 1.689267873764038}{"rec_ts": 1584867886.1924522, "resp_ts": 1584867887.6343248, "ts_diff": 1.4418725967407227}{"rec_ts": 1584867886.1955178, "resp_ts": 1584867887.7967823, "ts_diff": 1.601264476776123}{"rec_ts": 1584867886.1940694, "resp_ts": 1584867887.7040648, "ts_diff": 1.509995460510254}{"rec_ts": 1584867886.2000952, "resp_ts": 1584867888.044538, "ts_diff": 1.8444428443908691}{"rec_ts": 1584867886.2031813, "resp_ts": 1584867888.3128762, "ts_diff": 2.1096949577331543}{"rec_ts": 1584867886.20972, "resp_ts": 1584867888.5640166, "ts_diff": 2.3542966842651367}{"rec_ts": 1584867886.200436, "resp_ts": 1584867888.219983, "ts_diff": 2.0195469856262207}{"rec_ts": 1584867886.1982927, "resp_ts": 1584867887.9716208, "ts_diff": 1.7733280658721924}{"rec_ts": 1584867886.2110577, "resp_ts": 1584867888.6578348, "ts_diff": 2.446777105331421}{"rec_ts": 1584867886.2018995, "resp_ts": 1584867888.4030516, "ts_diff": 2.2011520862579346}{"rec_ts": 1584867886.2151947, "resp_ts": 1584867888.741604, "ts_diff": 2.526409387588501}{"rec_ts": 1584867886.2034838, "resp_ts": 1584867888.1336937, "ts_diff": 1.9302098751068115}{"rec_ts": 1584867886.2079532, "resp_ts": 1584867888.4900963, "ts_diff": 2.2821431159973145}{"rec_ts": 1584867886.2205536, "resp_ts": 1584867889.0893013, "ts_diff": 2.8687477111816406}{"rec_ts": 1584867886.2124403, "resp_ts": 1584867889.0022137, "ts_diff": 2.789773464202881}{"rec_ts": 1584867886.2149563, "resp_ts": 1584867888.835605, "ts_diff": 2.6206486225128174}{"rec_ts": 1584867886.213667, "resp_ts": 1584867889.259833, "ts_diff": 3.046166181564331}{"rec_ts": 1584867886.2190485, "resp_ts": 1584867889.186339, "ts_diff": 2.9672904014587402}{"rec_ts": 1584867886.226486, "resp_ts": 1584867889.6048753, "ts_diff": 3.378389358520508}{"rec_ts": 1584867886.213835, "resp_ts": 1584867888.9055257, "ts_diff": 2.691690683364868}{"rec_ts": 1584867886.2233486, "resp_ts": 1584867889.35163, "ts_diff": 3.128281354904175}{"rec_ts": 1584867886.2248168, "resp_ts": 1584867889.4342859, "ts_diff": 3.2094690799713135}{"rec_ts": 1584867886.2220182, "resp_ts": 1584867889.514501, "ts_diff": 3.292482852935791}